folder,table,variable,description
PlatformData,problems,problem_id,Unique identifier of the problem
PlatformData,problems,problem,Short title of the problem
PlatformData,problems,description,
PlatformData,problems,start_date,
PlatformData,problems,due_date,
PlatformData,problems,problem_text,A unique filename of the problem content in markdown text format
PlatformData,problems,problem_file,"A unique filename in the ""Problems"" subfolder that contains the HTML file of the problem"
PlatformData,problems,problem_template,
PlatformData,problems,exercise,
PlatformData,analytics,team,Name of team the user is in
PlatformData,analytics,team_id,Unique identifier of the team the user is in
PlatformData,analytics,problem_id,Unique identifier of the problem the team is working on
PlatformData,analytics,user,Name of user
PlatformData,analytics,user_id,Unique identifier of user
PlatformData,analytics,report_count,Number of reports user contributed to problem
PlatformData,analytics,resource_count,Number of resources user contributed to problem 
PlatformData,analytics,comment_count,Number of comments user contributed in a problem
PlatformData,analytics,chat_count,Number of chat messages user contributed in a problem
PlatformData,analytics,comment_vote_count,Number of comment upvotes user contributed in a problem
PlatformData,analytics,resource_vote_count,Number of resource upvotes user contributed in a problem
PlatformData,analytics,simple_rating,Number of times a user contributed a simple (single number) rating
PlatformData,analytics,partial_rating,Number of times a user contributed a partial (some of the rubrics) rating
PlatformData,analytics,complete_rating,Number of times a user contributed a complete (all rubrics) rating
PlatformData,analytics,problem,Title of the problem
PlatformData,analytics,engagement,"Engagement score calculated as a weighted sum of the various activity counts for the user on this problem. Reports have weight 7; resources and complete ratings have weight 3; comments have weight 2; chat messages, simple ratings, partial ratings, comment votes and resource votes have weight 1."
PlatformData,analytics,report_count_scaled,"Number of reports user contributed to problem, scaled (within this platform instance) to range between 0 and 1"
PlatformData,analytics,resource_count_scaled,"Number of resources user contributed to problem, scaled (within this platform instance) to range between 0 and 1"
PlatformData,analytics,comment_count_scaled,"Number of comments user contributed in a problem, scaled (within this platform instance) to range between 0 and 1"
PlatformData,analytics,chat_count_scaled,"Number of chat messages user contributed in a problem, scaled (within this platform instance) to range between 0 and 1"
PlatformData,analytics,comment_vote_count_scaled,"Number of comment upvotes user contributed in a problem, scaled (within this platform instance) to range between 0 and 1"
PlatformData,analytics,resource_vote_count_scaled,"Number of resource upvotes user contributed in a problem, scaled (within this platform instance) to range between 0 and 1"
PlatformData,analytics,simple_rating_scaled,"Number of times a user contributed a simple (single number) rating, scaled (within this platform instance) to range between 0 and 1"
PlatformData,analytics,partial_rating_scaled,"Number of times a user contributed a partial (some of the rubrics) rating, scaled (within this platform instance) to range between 0 and 1"
PlatformData,analytics,complete_rating_scaled,"Number of times a user contributed a complete (all rubrics) rating, scaled (within this platform instance) to range between 0 and 1"
PlatformData,analytics,engagement_scaled,"Engagement score calculated as a weighted sum of the various scaled activity counts for the user on this problem. Reports have weight 7; resources and complete ratings have weight 3; comments have weight 2; chat messages, simple ratings, partial ratings, comment votes and resource votes have weight 1."
PlatformData,analytics,vote_count,comment_vote_count + resource_vote_count
PlatformData,analytics,quick_rating,simple_rating + partial_rating
PlatformData,authors,problem_id,Unique identifier of the problem
PlatformData,authors,team_id,Unique identifier for the team that produced the report
PlatformData,authors,team,Name of the team that produced the report
PlatformData,authors,response_id,Unique identifier for the a response
PlatformData,authors,user_id,Unique identifier of a user who (co-)authored the response
PlatformData,authors,user,The screen name of the (co-)author (at the time of response or comment creation)
PlatformData,authors,problem,Short title of the problem
PlatformData,chat,id,Unique identifier of the chat message
PlatformData,chat,problem_id,Unique identifier of the problem
PlatformData,chat,created_at,Timestamp when the comment was first created
PlatformData,chat,user,Name of the author of the chat message
PlatformData,chat,chat_id,Another unique (within this platform instance) identifier of the chat message
PlatformData,chat,chat_text,The comment content in plain text format
PlatformData,chat,user_id,Unique identifier of the author of the chat message
PlatformData,chat,team_id,Unique identifier for the team that produced the report
PlatformData,chat,team,Name of the team the author of the chat message was in
PlatformData,chat,problem,Short title of the problem
PlatformData,comments,problem_id,Unique identifier of the problem
PlatformData,comments,team_id,Unique identifier for the team that produced the report
PlatformData,comments,team,Name of the team that produced the report
PlatformData,comments,response_id,Unique identifier for the a response
PlatformData,comments,author_id,Unique identifier of the original author of the response
PlatformData,comments,author,Name of the orginal author of the response
PlatformData,comments,comment_id,Unique identifier for the comment
PlatformData,comments,commenter_id,Unique identifier of a user who created the comment
PlatformData,comments,commenter_name,Name of the commenter
PlatformData,comments,time_created,Timestamp when the comment was first created
PlatformData,comments,time_last_changed,Timestamp when the comment was last updated
PlatformData,comments,comment_text,A unique filename of the comment content in markdown text format
PlatformData,comments,comment_file,"A unique filename in the ""Comments"" subfolder that contains the HTML file of the comment"
PlatformData,comments,problem,Short title of the problem
PlatformData,login,user_id,Unique identifier of the user who logs in/out
PlatformData,login,user,Name of user who logs in/out
PlatformData,login,event_type,Can either be login or logout
PlatformData,login,timestamp,Timestamp when login/logout occurred 
PlatformData,ratings,problem_id,Unique identifier of the problem
PlatformData,ratings,team_id,Unique identifier for the team that produced the report
PlatformData,ratings,content_type,"""report"", ""resource"", or ""comment"". Other types may be added in future."
PlatformData,ratings,content_id,Unique identifier for the content (content can be response or comment)
PlatformData,ratings,author_id,Unique identifier of the original author of the response
PlatformData,ratings,author,Name of the user who originally authored the response
PlatformData,ratings,rater_id,Unique identifier of a user who rated the response
PlatformData,ratings,rater,Name of the user who rated the response
PlatformData,ratings,last_edited,Timestamp when the rating was last updated
PlatformData,ratings,rating_type,"""thumbs"", ""simple"", ""detailed"""
PlatformData,ratings,rating_total,"1 or 0 for thumbs, number (0-100) for simple, aggregated number for detailed rating"
PlatformData,ratings,rating_sub_01_title,The title of the ratings subfield
PlatformData,ratings,rating_sub_01,Number for detailed rating field 1
PlatformData,ratings,rating_sub_02_title,The title of the ratings subfield
PlatformData,ratings,rating_sub_02,Number for detailed rating field 2
PlatformData,ratings,rating_sub_03_title,The title of the ratings subfield
PlatformData,ratings,rating_sub_03,Number for detailed rating field 3
PlatformData,ratings,rating_sub_04_title,The title of the ratings subfield
PlatformData,ratings,rating_sub_04,Number for detailed rating field 4
PlatformData,ratings,rating_sub_05_title,The title of the ratings subfield
PlatformData,ratings,rating_sub_05,Number for detailed rating field 5
PlatformData,ratings,rating_sub_06_title,The title of the ratings subfield
PlatformData,ratings,rating_sub_06,Number for detailed rating field 6
PlatformData,ratings,rating_sub_07_title,The title of the ratings subfield
PlatformData,ratings,rating_sub_07,Number for detailed rating field 7
PlatformData,ratings,rating_sub_08_title,The title of the ratings subfield
PlatformData,ratings,rating_sub_08,Number for detailed rating field 8
PlatformData,ratings,rating_sub_09_title,The title of the ratings subfield
PlatformData,ratings,rating_sub_09,Number for detailed rating field 9
PlatformData,ratings,problem,Short title of the problem
PlatformData,relations,addressant,User addressed by the other user (e.g. mentioned in chat)
PlatformData,relations,problem_id,Unique identifier of problem
PlatformData,relations,team,Name of team both users are in
PlatformData,relations,user,User who addresses another user ( e.g. writes a chat message that contains a name tag)
PlatformData,relations,problem,Name of problem 
PlatformData,relations,interaction,"Describes the interaction: 'comment', 'contributor' or 'chat'"
PlatformData,relations,count,Number of times this interaction happened
PlatformData,top_reports,problem_id,Unique identifier of the problem
PlatformData,top_reports,problem,Short title of the problem
PlatformData,top_reports,team_id,Unique identifier for the team that produced the report
PlatformData,top_reports,team,Screen name for the team_id
PlatformData,top_reports,report_id,"Unique identifier for the report (response of type ""report"")"
PlatformData,top_reports,team_rating,The aggregate rating of the report from the (internal) team at time of submission
PlatformData,top_reports,rating_count,Number of received ratings
PlatformData,top_reports,origin_author_id,Unique identifier of the user that first created the response that ultimately resulted in this top report
PlatformData,top_reports,origin_author_name,Name of the author that first created the response
PlatformData,responses,problem_id,Unique identifier of the problem
PlatformData,responses,team_id,Unique identifier for the team that produced the response
PlatformData,responses,team,The name of the team that produced the response
PlatformData,responses,response_id,Unique identifier for the a response
PlatformData,responses,time_created,Timestamp when the response was first created
PlatformData,responses,time_last_changed,Timestamp when the response was last updated
PlatformData,responses,response_title,The beginning of the response in plain text format
PlatformData,responses,response_type,"Type of response, currently ""report"" or ""resource"". More types may be added in future"
PlatformData,responses,response_text,A unique filename of the response content in markdown text format
PlatformData,responses,response_file,"A unique filename in the ""Responses"" subfolder that contains the HTML file of the response"
PlatformData,responses,problem,Short title of the problem
PlatformData,timeline,chunk_id,"Unique identifier for the artefact contributed (can be a report, resource, comment, rating, update)"
PlatformData,timeline,parent_id,"Unique identifier for the source the artefact was contributed to (a report or resource in case of a comment or update, a problem_id in case of a report or resource, a report in case of a rating)"
PlatformData,timeline,problem_id,Unique identifier for the problem (e.g. in case the artefact is a report or resource parent and problem id are identical)
PlatformData,timeline,team_id,Unique identifier for team
PlatformData,timeline,team,Name of team
PlatformData,timeline,timestamp,"Timestamp when artefact was contributed, for resources, reports and comments this is their first post, for ratings only the last update is stored"
PlatformData,timeline,type,"The artefact type, can be report, resource, comment, rating, update"
PlatformData,timeline,problem,The problem title
PlatformData,timeline,user_id,Unique indentifier of the user contributing the artefact
PlatformData,timeline,user,Name of user
CoreData,probparts,team,Name of team the user is in
CoreData,probparts,user,Name of user
CoreData,probparts,report_count,Number of reports user contributed to problem
CoreData,probparts,resource_count,Number of resources user contributed to problem 
CoreData,probparts,comment_count,Number of comments user contributed in a problem
CoreData,probparts,chat_count,Number of chat messages user contributed in a problem
CoreData,probparts,comment_vote_count,Number of comment upvotes user contributed in a problem
CoreData,probparts,resource_vote_count,Number of resource upvotes user contributed in a problem
CoreData,probparts,simple_rating,Number of times a user contributed a simple (single number) rating
CoreData,probparts,partial_rating,Number of times a user contributed a partial (some of the rubrics) rating
CoreData,probparts,complete_rating,Number of times a user contributed a complete (all rubrics) rating
CoreData,probparts,problem,Title of the problem
CoreData,probparts,engagement,Calculated number of overall engagement of one user to a problem
CoreData,probparts,report_count_scaled,"Number of reports user contributed to problem, scaled (within this platform instance) to range between 0 and 1"
CoreData,probparts,resource_count_scaled,"Number of resources user contributed to problem, scaled (within this platform instance) to range between 0 and 1"
CoreData,probparts,comment_count_scaled,"Number of comments user contributed in a problem, scaled (within this platform instance) to range between 0 and 1"
CoreData,probparts,chat_count_scaled,"Number of chat messages user contributed in a problem, scaled (within this platform instance) to range between 0 and 1"
CoreData,probparts,comment_vote_count_scaled,"Number of comment upvotes user contributed in a problem, scaled (within this platform instance) to range between 0 and 1"
CoreData,probparts,resource_vote_count_scaled,"Number of resource upvotes user contributed in a problem, scaled (within this platform instance) to range between 0 and 1"
CoreData,probparts,simple_rating_scaled,"Number of times a user contributed a simple (single number) rating, scaled (within this platform instance) to range between 0 and 1"
CoreData,probparts,partial_rating_scaled,"Number of times a user contributed a partial (some of the rubrics) rating, scaled (within this platform instance) to range between 0 and 1"
CoreData,probparts,complete_rating_scaled,"Number of times a user contributed a complete (all rubrics) rating, scaled (within this platform instance) to range between 0 and 1"
CoreData,probparts,engagement_scaled,"Calculated number of overall engagement of one user to a problem, using scaled engagement scores as inputs"
CoreData,probparts,vote_count,comment_vote_count + resource_vote_count
CoreData,probparts,quick_rating,simple_rating + partial_rating
CoreData,probparts,cluster,Integer ID for the nearest ‘user role’ cluster
CoreData,probparts,clusterLabel,Descriptive label for the nearest ‘user role’ cluster
CoreData,teams,team,Team name.
CoreData,teams,AOMT,"Median Actively Open-Minded Thinking score for team members. Missing values are excluded from the calculation. Note that this statistic even includes team members who may not have been active on a particular problem. For a problem-specific version, see the probteams table."
CoreData,teams,divAOMT,"Average pairwise difference in AOMT scores across all team members for whom the AOMT score is available. Note that this statistic even includes team members who may not have been active on a particular problem. For a problem-specific version, see the probteams table."
CoreData,teams,medianEdu,"Median education level for the team, where education levels are encoded as follows. 1 = ‘High School’; 2 = ‘Trade or Technical Qualification’; 3 = ‘Bachelors’; 4 = ‘Graduate Certificate, Diploma or equivalent’; 5 = ‘Masters’; 6 = ‘Phd’. Missing values excluded from calculation. Note that this statistic even includes team members who may not have been active on a particular problem. For a problem-specific version, see the probteams table."
CoreData,teams,type,Team type. PT = Public Team; ST = Superteam; OT = Organisational Team; AA = Agency Analyst (2018 SWARM Challenge); PA = Public Analyst (2018 SWARM Challenge); GP = General Public (2018 SWARM Challenge).
CoreData,probteams,team,Team name.
CoreData,probteams,problem,Problem title.
CoreData,probteams,probNum,Position of the problem in the sequence of problems attempted by this team in this exercise.
CoreData,probteams,type,Team type. PT = Public Team; ST = Superteam; OT = Organisational Team; AA = Agency Analyst (2018 SWARM Challenge); PA = Public Analyst (2018 SWARM Challenge); GP = General Public (2018 SWARM Challenge).
CoreData,probteams,avgIC,Quality of reasoning score on the IC Rating Scale for the team’s top report. This is usually the average of independent ratings by at least 3 external raters.
CoreData,probteams,nIC,Number of external raters who independently rated the report on the IC Rating Scale.
CoreData,probteams,rankIC,"The teams rank on this problem, when all teams who submitted a report for the problem are ranked from best to worst by avgIC. If there are ties, all tied teams receive the best (lowest integer) rank applicable."
CoreData,probteams,nGeoCorrect,Number of geolocation challenges successfully solved (if applicable to the problem).
CoreData,probteams,probabilityEstimate,The team’s probability estimate as stated in their top-rated report (if applicable to the problem).
CoreData,probteams,tightness,The score on a tightness redaction test for the team’s top-rated report (if applicable to the problem).
CoreData,probteams,nBayesCorrect,Number of Bayesian probability puzzles correctly solved (if applicable to the problem).
CoreData,probteams,nFlawsDetected,Number or reasoning flaws correctly detected (if applicable to the problem).
CoreData,probteams,activeUsers,The number of users who had a (strictly) positive engagement score (according to the probparts table).
CoreData,probteams,textSimReports,"Average pairwise cosine test similarity between all responses of type ‘report’ created by the team on the platform for this problem. Higher values indicate more similar reports. If there were no reports or only 1 report, textSimReports = 1."
CoreData,probteams,textSimResponses,"Average pairwise cosine test similarity between all responses (both ‘reports’ and ‘resources’) created by the team on the platform for this problem. Higher values indicate more similar reports. If there were no responses or only 1 response, textSimResponses = 1."
CoreData,probteams,AOMT,Median Actively Open-Minded Thinking score for team members who were active on this problem. Missing values are excluded from the calculation.
CoreData,probteams,divAOMT,"Average pairwise difference in AOMT scores across all team members who were active on this problem, and for whom the AOMT score is available."
CoreData,probteams,medianEdu,"Median education level for the team members who were active on this problem, where education levels are encoded as follows. 1 = ‘High School’; 2 = ‘Trade or Technical Qualification’; 3 = ‘Bachelors’; 4 = ‘Graduate Certificate, Diploma or equivalent’; 5 = ‘Masters’; 6 = ‘Phd’. Missing values excluded from calculation."
CoreData,teamparts,user,Username.
CoreData,teamparts,team,"A team of which the user was a member. (Users may be members of multiple teams over the course of an exercise. For example, they may be in an ordinary public team early on, and then get selected for a superteam later. In such a case, there would be two rows in this table, one for each pairing of a user with a team.)"
CoreData,rates,problem,Problem title.
CoreData,rates,team,Team name.
CoreData,rates,rater,Rater’s name.
CoreData,rates,c1,"Score (Poor, Fair, Good, Excellent) assigned by rater on the IC Rating Scale Criterion 1."
CoreData,rates,c1comment,Rater’s comment associated with the score on criterion 1.
CoreData,rates,c2,"Score (Poor, Fair, Good, Excellent) assigned by rater on the IC Rating Scale Criterion 2."
CoreData,rates,c2comment,Rater’s comment associated with the score on criterion 2.
CoreData,rates,c3,"Score (Poor, Fair, Good, Excellent) assigned by rater on the IC Rating Scale Criterion 3."
CoreData,rates,c3comment,Rater’s comment associated with the score on criterion 3.
CoreData,rates,c4,"Score (Poor, Fair, Good, Excellent) assigned by rater on the IC Rating Scale Criterion 4."
CoreData,rates,c4comment,Rater’s comment associated with the score on criterion 4.
CoreData,rates,c5,"Score (Poor, Fair, Good, Excellent) assigned by rater on the IC Rating Scale Criterion 5."
CoreData,rates,c5comment,Rater’s comment associated with the score on criterion 5.
CoreData,rates,c6,"Score (Poor, Fair, Good, Excellent) assigned by rater on the IC Rating Scale Criterion 6."
CoreData,rates,c6comment,Rater’s comment associated with the score on criterion 6.
CoreData,rates,c7,"Score (Poor, Fair, Good, Excellent) assigned by rater on the IC Rating Scale Criterion 7."
CoreData,rates,c7comment,Rater’s comment associated with the score on criterion 7.
CoreData,rates,c8,"Score (Poor, Fair, Good, Excellent) assigned by rater on the IC Rating Scale Criterion 8."
CoreData,rates,c8comment,Rater’s comment associated with the score on criterion 8.
CoreData,rates,geo1,"Rater’s determination of whether the team successfully identified the geolocation problem 1 (Yes, Partial Credit, No)."
CoreData,rates,geo2,"Rater’s determination of whether the team successfully identified the geolocation problem 2 (Yes, Partial Credit, No)."
CoreData,rates,geo3,"Rater’s determination of whether the team successfully identified the geolocation problem 3 (Yes, Partial Credit, No)."
CoreData,rates,geo4,"Rater’s determination of whether the team successfully identified the geolocation problem 4 (Yes, Partial Credit, No)."
CoreData,rates,ODNI,Total score on the IC Rating Scale (c1 + c2 + c3 + c4 + c5 + c6 + c7 + c8).
CoreData,rates,geo1score,"Numerical score for geolocation problem 1 (Yes, Partial Credit = 1, No = 0)."
CoreData,rates,geo2score,"Numerical score for geolocation problem 2 (Yes, Partial Credit = 1, No = 0)."
CoreData,rates,geo3score,"Numerical score for geolocation problem 3 (Yes, Partial Credit = 1, No = 0)."
CoreData,rates,geo4score,"Numerical score for geolocation problem 4 (Yes, Partial Credit = 1, No = 0)."
CoreData,rates,geoOverall,geo1score + geo2score + geo3score + geo4score
CoreData,rates,isRedactionTestRating,"Yes/No indicating whether the rating is a redaction test rating for tightness (rather than, say, a quality of reasoning rating using the IC Rating Scale)."
CoreData,rates,raterProbabilityEstimate,The rater’s probability estimate in a redaction test to measure tightness.
CoreData,rates,estTimeTaken,Rater’s estimate of the time it took them to estimate the probability in a redaction test for tightness.
CoreData,rates,estJustification,Rater’s justification for their probability estimate in a redaction test for tightness.
CoreData,rates,estComments,Rater’s comments about the process of estimating the probability in a redaction test for tightness.
CoreData,rates,bayes1,Yes/No indicating whether the team successfully solved Bayesian probability problem 1.
CoreData,rates,bayes2,Yes/No indicating whether the team successfully solved Bayesian probability problem 2.
CoreData,rates,bayes3,Yes/No indicating whether the team successfully solved Bayesian probability problem 3.
CoreData,rates,bayes1score,"Numerical score for Bayesian problem 1 (Yes = 1, No = 0)."
CoreData,rates,bayes2score,"Numerical score for Bayesian problem 2 (Yes = 1, No = 0)."
CoreData,rates,bayes3score,"Numerical score for Bayesian problem 3 (Yes = 1, No = 0)."
CoreData,rates,flaw1,Rater’s determination of whether the team successfully identified reasoning flaw 1 (Yes/No).
CoreData,rates,flaw2,Rater’s determination of whether the team successfully identified reasoning flaw 2 (Yes/No).
CoreData,rates,flaw3,Rater’s determination of whether the team successfully identified reasoning flaw 3 (Yes/No).
CoreData,rates,flaw4,Rater’s determination of whether the team successfully identified reasoning flaw 4 (Yes/No).
CoreData,parts,user,Username.
CoreData,parts,isOrg,Logical. Equals TRUE if user participated as part of an organisational team.
CoreData,parts,gaveConsent2,Gave consent to participate in the ‘Problem Solving In Online Groups’ experiment.
CoreData,parts,gaveConsent3,Gave consent to participate in the ‘Identifying and Rating Quality of Reasoning’ experiment.
CoreData,parts,agreedToTerms,
CoreData,parts,agegroup,Age group.
CoreData,parts,gender,Gender.
CoreData,parts,occupation,Occupation status.
CoreData,parts,education,Highest education level.
CoreData,parts,studyarea,Study area.
CoreData,parts,studyareaOtherInput,"Free text input for ‘Other’ study area, if selected."
CoreData,parts,int1,"Logical. Indicates whether the participant selected ‘What the problems will be like’ among their responses to the prompt: ‘Thinking about the Hunt Challenge, what are you most interested in?’."
CoreData,parts,int2,"Logical. Indicates whether the participant selected ‘Platform functionality’ among their responses to the prompt: ‘Thinking about the Hunt Challenge, what are you most interested in?’."
CoreData,parts,int3,"Logical. Indicates whether the participant selected ‘How reports are created’ among their responses to the prompt: ‘Thinking about the Hunt Challenge, what are you most interested in?’."
CoreData,parts,int4,"Logical. Indicates whether the participant selected ‘Team collaboration experience’ among their responses to the prompt: ‘Thinking about the Hunt Challenge, what are you most interested in?’."
CoreData,parts,int5,"Logical. Indicates whether the participant selected ‘The structured training available’ among their responses to the prompt: ‘Thinking about the Hunt Challenge, what are you most interested in?’."
CoreData,parts,int6,"Logical. Indicates whether the participant selected ‘The tools in the Lens Kit’ among their responses to the prompt: ‘Thinking about the Hunt Challenge, what are you most interested in?’."
CoreData,parts,int7,"Logical. Indicates whether the participant selected ‘The Contending Analyses methodology’ among their responses to the prompt: ‘Thinking about the Hunt Challenge, what are you most interested in?’."
CoreData,parts,int8,"Logical. Indicates whether the participant selected ‘The evaluation methods’ among their responses to the prompt: ‘Thinking about the Hunt Challenge, what are you most interested in?’."
CoreData,parts,int9,"Logical. Indicates whether the participant selected ‘How my team performs’ among their responses to the prompt: ‘Thinking about the Hunt Challenge, what are you most interested in?’."
CoreData,parts,int10,"Logical. Indicates whether the participant selected ‘Whether the public do as well as the professionals’ among their responses to the prompt: ‘Thinking about the Hunt Challenge, what are you most interested in?’."
CoreData,parts,int11,"Logical. Indicates whether the participant selected ‘Other’ among their responses to the prompt: ‘Thinking about the Hunt Challenge, what are you most interested in?’."
CoreData,parts,interestsOtherInput,"If the team selected ‘Other’ among their responses to the prompt ‘Thinking about the Hunt Challenge, what are you most interested in?’, this field contains their free text response."
CoreData,parts,enExpct1,"Numerical encoding of the participants' response to the prompt: ‘What are your expectations for your Challenge experience?: Interesting problems’. 1 = ‘I don’t expect this’, 2 = ‘Neutral’, 3 = ‘I do expect this’."
CoreData,parts,enExpct2,"Numerical encoding of the participants' response to the prompt: ‘What are your expectations for your Challenge experience?: Reasonable time commitment’. 1 = ‘I don’t expect this’, 2 = ‘Neutral’, 3 = ‘I do expect this’."
CoreData,parts,enExpct3,"Numerical encoding of the participants' response to the prompt: ‘What are your expectations for your Challenge experience?: Difficult problems’. 1 = ‘I don’t expect this’, 2 = ‘Neutral’, 3 = ‘I do expect this’."
CoreData,parts,enExpct4,"Numerical encoding of the participants' response to the prompt: ‘What are your expectations for your Challenge experience?: I will learn new skills and tools’. 1 = ‘I don’t expect this’, 2 = ‘Neutral’, 3 = ‘I do expect this’."
CoreData,parts,enExpct5,"Numerical encoding of the participants' response to the prompt: ‘What are your expectations for your Challenge experience?: Problems are achievable, for a team’. 1 = ‘I don’t expect this’, 2 = ‘Neutral’, 3 = ‘I do expect this’."
CoreData,parts,enExpct6,"Numerical encoding of the participants' response to the prompt: ‘What are your expectations for your Challenge experience?: The platform will be a productive work space’. 1 = ‘I don’t expect this’, 2 = ‘Neutral’, 3 = ‘I do expect this’."
CoreData,parts,enExpct7,"Numerical encoding of the participants' response to the prompt: ‘What are your expectations for your Challenge experience?: Training in analytical techniques’. 1 = ‘I don’t expect this’, 2 = ‘Neutral’, 3 = ‘I do expect this’."
CoreData,parts,enExpct8,"Numerical encoding of the participants' response to the prompt: ‘What are your expectations for your Challenge experience?: Positive team working experience’. 1 = ‘I don’t expect this’, 2 = ‘Neutral’, 3 = ‘I do expect this’."
CoreData,parts,enExpct9,"Numerical encoding of the participants' response to the prompt: ‘What are your expectations for your Challenge experience?: An effective collaboration, compared to my normal methods’. 1 = ‘I don’t expect this’, 2 = ‘Neutral’, 3 = ‘I do expect this’."
CoreData,parts,enExpct10,"Numerical encoding of the participants' response to the prompt: ‘What are your expectations for your Challenge experience?: What I learn from the challenge can be applied in my workplace’. 1 = ‘I don’t expect this’, 2 = ‘Neutral’, 3 = ‘I do expect this’."
CoreData,parts,pri1,"Numerical encoding of the participants' response to the prompt: ‘How important to you are the following reasons for taking part in the Challenge? - Seeing how my team performs against the others’. 1 = ‘Not important’, 2 = ‘Neutral’, 3 = ‘Important’."
CoreData,parts,pri2,"Numerical encoding of the participants' response to the prompt: ‘How important to you are the following reasons for taking part in the Challenge? - Testing my own skills and abilities’. 1 = ‘Not important’, 2 = ‘Neutral’, 3 = ‘Important’."
CoreData,parts,pri3,"Numerical encoding of the participants' response to the prompt: ‘How important to you are the following reasons for taking part in the Challenge? - I think it will be fun’. 1 = ‘Not important’, 2 = ‘Neutral’, 3 = ‘Important’."
CoreData,parts,pri4,"Numerical encoding of the participants' response to the prompt: ‘How important to you are the following reasons for taking part in the Challenge? - Developing my overall analytic skills’. 1 = ‘Not important’, 2 = ‘Neutral’, 3 = ‘Important’."
CoreData,parts,pri5,"Numerical encoding of the participants' response to the prompt: ‘How important to you are the following reasons for taking part in the Challenge? - Learning how the SWARM Platform works’. 1 = ‘Not important’, 2 = ‘Neutral’, 3 = ‘Important’."
CoreData,parts,pri6,"Numerical encoding of the participants' response to the prompt: ‘How important to you are the following reasons for taking part in the Challenge? - Learning about Contending Analyses’. 1 = ‘Not important’, 2 = ‘Neutral’, 3 = ‘Important’."
CoreData,parts,pri7,"Numerical encoding of the participants' response to the prompt: ‘How important to you are the following reasons for taking part in the Challenge? - Trying a new style of team collaboration’. 1 = ‘Not important’, 2 = ‘Neutral’, 3 = ‘Important’."
CoreData,parts,pri8,"Numerical encoding of the participants' response to the prompt: ‘How important to you are the following reasons for taking part in the Challenge? - Contributing to research in intelligence analysis’. 1 = ‘Not important’, 2 = ‘Neutral’, 3 = ‘Important’."
CoreData,parts,pri9,"Numerical encoding of the participants' response to the prompt: ‘How important to you are the following reasons for taking part in the Challenge? - Getting selected for a Super Team’. 1 = ‘Not important’, 2 = ‘Neutral’, 3 = ‘Important’."
CoreData,parts,pri10,"Numerical encoding of the participants' response to the prompt: ‘How important to you are the following reasons for taking part in the Challenge? - Exploring the Lens Kit’. 1 = ‘Not important’, 2 = ‘Neutral’, 3 = ‘Important’."
CoreData,parts,pri11,"Numerical encoding of the participants' response to the prompt: ‘How important to you are the following reasons for taking part in the Challenge? - Participating in crowd sourced intelligence analysis’. 1 = ‘Not important’, 2 = ‘Neutral’, 3 = ‘Important’."
CoreData,parts,priOther,"Numerical encoding of the participants' response to the prompt: ‘How important to you are the following reasons for taking part in the Challenge? - Other’. 1 = ‘Not important’, 2 = ‘Neutral’, 3 = ‘Important’."
CoreData,parts,priOtherInput,Specified ‘Other’ priority referred to by priOther (if applicable)
CoreData,parts,aomt1,"Numerical encoding of the participants' response to the prompt: ‘Allowing oneself to be convinced by an opposing argument is a sign of good character.’. 1 = ‘Strongly disagree’, 2 = ‘Disagree’, 3 = ‘Somewhat disagree’, 4 = ‘Neither agree nor disagree’, 5 = ‘Somewhat agree’, 6 = ‘Agree’, 7 = ‘Strongly agree’."
CoreData,parts,aomt2,"Numerical encoding of the participants' response to the prompt: ‘People should take into consideration evidence that goes against their beliefs.’. 1 = ‘Strongly disagree’, 2 = ‘Disagree’, 3 = ‘Somewhat disagree’, 4 = ‘Neither agree nor disagree’, 5 = ‘Somewhat agree’, 6 = ‘Agree’, 7 = ‘Strongly agree’."
CoreData,parts,aomt3,"Numerical encoding of the participants' response to the prompt: ‘People should revise their beliefs in light of new information or evidence.’. 1 = ‘Strongly disagree’, 2 = ‘Disagree’, 3 = ‘Somewhat disagree’, 4 = ‘Neither agree nor disagree’, 5 = ‘Somewhat agree’, 6 = ‘Agree’, 7 = ‘Strongly agree’."
CoreData,parts,aomt4,"Numerical encoding of the participants' response to the prompt: ‘Changing your mind is a sign of weakness.’. 1 = ‘Strongly disagree’, 2 = ‘Disagree’, 3 = ‘Somewhat disagree’, 4 = ‘Neither agree nor disagree’, 5 = ‘Somewhat agree’, 6 = ‘Agree’, 7 = ‘Strongly agree’."
CoreData,parts,aomt5,"Numerical encoding of the participants' response to the prompt: ‘Intuition is the best guide in making decisions.’. 1 = ‘Strongly disagree’, 2 = ‘Disagree’, 3 = ‘Somewhat disagree’, 4 = ‘Neither agree nor disagree’, 5 = ‘Somewhat agree’, 6 = ‘Agree’, 7 = ‘Strongly agree’."
CoreData,parts,aomt6,"Numerical encoding of the participants' response to the prompt: ‘It is important to persevere in your beliefs even when evidence is brought to bear against them.’. 1 = ‘Strongly disagree’, 2 = ‘Disagree’, 3 = ‘Somewhat disagree’, 4 = ‘Neither agree nor disagree’, 5 = ‘Somewhat agree’, 6 = ‘Agree’, 7 = ‘Strongly agree’."
CoreData,parts,aomt7,"Numerical encoding of the participants' response to the prompt: ‘One should disregard evidence that conflicts with one's established beliefs.’. 1 = ‘Strongly disagree’, 2 = ‘Disagree’, 3 = ‘Somewhat disagree’, 4 = ‘Neither agree nor disagree’, 5 = ‘Somewhat agree’, 6 = ‘Agree’, 7 = ‘Strongly agree’."
CoreData,parts,aomt8,"Numerical encoding of the participants' response to the prompt: ‘People should search actively for reasons why their beliefs might be wrong.’. 1 = ‘Strongly disagree’, 2 = ‘Disagree’, 3 = ‘Somewhat disagree’, 4 = ‘Neither agree nor disagree’, 5 = ‘Somewhat agree’, 6 = ‘Agree’, 7 = ‘Strongly agree’."
CoreData,parts,aomt9,"Numerical encoding of the participants' response to the prompt: ‘When we are faced with a new question, the first answer that occurs to us is usually best.’. 1 = ‘Strongly disagree’, 2 = ‘Disagree’, 3 = ‘Somewhat disagree’, 4 = ‘Neither agree nor disagree’, 5 = ‘Somewhat agree’, 6 = ‘Agree’, 7 = ‘Strongly agree’."
CoreData,parts,aomt10,"Numerical encoding of the participants' response to the prompt: ‘When faced with a new question, we should consider more than one possible answer before reaching a conclusion.’. 1 = ‘Strongly disagree’, 2 = ‘Disagree’, 3 = ‘Somewhat disagree’, 4 = ‘Neither agree nor disagree’, 5 = ‘Somewhat agree’, 6 = ‘Agree’, 7 = ‘Strongly agree’."
CoreData,parts,aomt11,"Numerical encoding of the participants' response to the prompt: ‘When faced with a new question, we should look for reasons why our first answer might be wrong, before deciding on an answer.’. 1 = ‘Strongly disagree’, 2 = ‘Disagree’, 3 = ‘Somewhat disagree’, 4 = ‘Neither agree nor disagree’, 5 = ‘Somewhat agree’, 6 = ‘Agree’, 7 = ‘Strongly agree’."
CoreData,parts,enCap1,"Numerical encoding of the participants' response to the prompt: ‘How would you assess your current capability in the follow areas? This may be from your job, from studies, or from other activities. - Analytic report writing’. 1 = ‘None’, 2 = ‘Low’, 3 = ‘Moderate’, 4 = ‘High’."
CoreData,parts,enCap2,"Numerical encoding of the participants' response to the prompt: ‘How would you assess your current capability in the follow areas? This may be from your job, from studies, or from other activities. - Using structured analytic techniques’. 1 = ‘None’, 2 = ‘Low’, 3 = ‘Moderate’, 4 = ‘High’."
CoreData,parts,enCap3,"Numerical encoding of the participants' response to the prompt: ‘How would you assess your current capability in the follow areas? This may be from your job, from studies, or from other activities. - Using OSINT tools and resources’. 1 = ‘None’, 2 = ‘Low’, 3 = ‘Moderate’, 4 = ‘High’."
CoreData,parts,enCap4,"Numerical encoding of the participants' response to the prompt: ‘How would you assess your current capability in the follow areas? This may be from your job, from studies, or from other activities. - Applying strategic thinking frameworks’. 1 = ‘None’, 2 = ‘Low’, 3 = ‘Moderate’, 4 = ‘High’."
CoreData,parts,enCap5,"Numerical encoding of the participants' response to the prompt: ‘How would you assess your current capability in the follow areas? This may be from your job, from studies, or from other activities. - Identifying and analysing assumptions’. 1 = ‘None’, 2 = ‘Low’, 3 = ‘Moderate’, 4 = ‘High’."
CoreData,parts,enCap6,"Numerical encoding of the participants' response to the prompt: ‘How would you assess your current capability in the follow areas? This may be from your job, from studies, or from other activities. - Evaluating quality of analytic reasoning’. 1 = ‘None’, 2 = ‘Low’, 3 = ‘Moderate’, 4 = ‘High’."
CoreData,parts,enCap7,"Numerical encoding of the participants' response to the prompt: ‘How would you assess your current capability in the follow areas? This may be from your job, from studies, or from other activities. - Using decision making frameworks’. 1 = ‘None’, 2 = ‘Low’, 3 = ‘Moderate’, 4 = ‘High’."
CoreData,parts,yearsWorkExperience,Response to the prompt: ‘How many years work experience do you have?’
CoreData,parts,yearsAnalyticalExperience,Response to the prompt: ‘How many years experience do you have analysing complex problems or data?’
CoreData,parts,ae1,Logical. Indicates whether the participant selected ‘No direct experience’ among their responses to the prompt: ‘Do you have experience analysing complex problems or data? Please select all applicable.’.
CoreData,parts,ae2,"Logical. Indicates whether the participant selected ‘Yes, in an intelligence or related field’ among their responses to the prompt: ‘Do you have experience analysing complex problems or data? Please select all applicable.’."
CoreData,parts,ae3,"Logical. Indicates whether the participant selected ‘Yes, in a scientific field’ among their responses to the prompt: ‘Do you have experience analysing complex problems or data? Please select all applicable.’."
CoreData,parts,ae4,"Logical. Indicates whether the participant selected ‘Yes, in another field’ among their responses to the prompt: ‘Do you have experience analysing complex problems or data? Please select all applicable.’."
CoreData,parts,ae5,Logical. Indicates whether the participant selected ‘Prefer not to say’ among their responses to the prompt: ‘Do you have experience analysing complex problems or data? Please select all applicable.’.
CoreData,parts,hasMultidisciplinaryExperience,"Logical. Indicates whether the participant responded ‘Yes’ to the prompt: ‘Have you had experience working in a multidisciplinary team? (i.e. composed of members with varied but complementary experience, qualifications, and skills that contribute to the achievement of a specific objective)’"
CoreData,parts,multidisciplinaryExperienceInput,Response to the prompt: ‘Please describe your experience working in a multidisciplinary team:’
CoreData,parts,starRating,Integer. Number of stars selected in response to the prompt: ‘Please rate your overall Challenge experience out of 5 stars:’
CoreData,parts,timeWellSpent,"Numerical encoding of the participants' response to the prompt: ‘Did you feel that your participation was time well spent?’. 1 = ‘No’, 2 = ‘Unsure’, 3 = ‘Yes’"
CoreData,parts,bestThing,Response to the prompt: ‘What was the one BEST thing about your Challenge experience?’
CoreData,parts,worstThing,Response to the prompt: ‘What was the one WORST thing about your Challenge experience?’
CoreData,parts,hoursPerWeek,"Response to the prompt: ‘How many hours did your organisation allow for your participation during work hours per week? Please enter the number, 1, 2, 3, etc...’"
CoreData,parts,enoughtTime,"Numerical encoding of the participants' response to the prompt: ‘Did your organisation allow you enough time off regular duties to participate fully?’. 1 = ‘No’, 2 = ‘Yes’"
CoreData,parts,proportionOwnTime,"Response to the prompt: ‘What proportion of your participation was done in your own time? (outside of work hours)? Please enter the number, 10, 25, 50, etc...’"
CoreData,parts,rate1,"Numerical encoding of the participants' response to the prompt: ‘How do you rate these aspects of the Challenge? - The onboarding process’. 1 = ‘Poor’, 2 = ‘Average’, 3 = ‘Good’"
CoreData,parts,rate2,"Numerical encoding of the participants' response to the prompt: ‘How do you rate these aspects of the Challenge? - Our communication with you’. 1 = ‘Poor’, 2 = ‘Average’, 3 = ‘Good’"
CoreData,parts,rate3,"Numerical encoding of the participants' response to the prompt: ‘How do you rate these aspects of the Challenge? - The training’. 1 = ‘Poor’, 2 = ‘Average’, 3 = ‘Good’"
CoreData,parts,rate4,"Numerical encoding of the participants' response to the prompt: ‘How do you rate these aspects of the Challenge? - The feedback’. 1 = ‘Poor’, 2 = ‘Average’, 3 = ‘Good’"
CoreData,parts,rate5,"Numerical encoding of the participants' response to the prompt: ‘How do you rate these aspects of the Challenge? - The Help Center’. 1 = ‘Poor’, 2 = ‘Average’, 3 = ‘Good’"
CoreData,parts,exExpct1,"Numerical encoding of the participant’s response to the prompt: ‘Given your expectations prior to the Challenge, how did we do?: Interesting problems’. 1 = ‘Below’, 2 = ‘Met’, 3 = ‘Exceeded’, 4 = ‘I had no expectations’."
CoreData,parts,exExpct2,"Numerical encoding of the participant’s response to the prompt: ‘Given your expectations prior to the Challenge, how did we do?: Reasonable time commitment’. 1 = ‘Below’, 2 = ‘Met’, 3 = ‘Exceeded’, 4 = ‘I had no expectations’."
CoreData,parts,exExpct3,"Numerical encoding of the participant’s response to the prompt: ‘Given your expectations prior to the Challenge, how did we do?: Difficult problems’. 1 = ‘Below’, 2 = ‘Met’, 3 = ‘Exceeded’, 4 = ‘I had no expectations’."
CoreData,parts,exExpct4,"Numerical encoding of the participant’s response to the prompt: ‘Given your expectations prior to the Challenge, how did we do?: I will learn new skills and tools’. 1 = ‘Below’, 2 = ‘Met’, 3 = ‘Exceeded’, 4 = ‘I had no expectations’."
CoreData,parts,exExpct5,"Numerical encoding of the participant’s response to the prompt: ‘Given your expectations prior to the Challenge, how did we do?: Problems are achievable, for a team’. 1 = ‘Below’, 2 = ‘Met’, 3 = ‘Exceeded’, 4 = ‘I had no expectations’."
CoreData,parts,exExpct6,"Numerical encoding of the participant’s response to the prompt: ‘Given your expectations prior to the Challenge, how did we do?: The platform will be a productive work space’. 1 = ‘Below’, 2 = ‘Met’, 3 = ‘Exceeded’, 4 = ‘I had no expectations’."
CoreData,parts,exExpct7,"Numerical encoding of the participant’s response to the prompt: ‘Given your expectations prior to the Challenge, how did we do?: Training in analytical techniques’. 1 = ‘Below’, 2 = ‘Met’, 3 = ‘Exceeded’, 4 = ‘I had no expectations’."
CoreData,parts,exExpct8,"Numerical encoding of the participant’s response to the prompt: ‘Given your expectations prior to the Challenge, how did we do?: Positive team working experience’. 1 = ‘Below’, 2 = ‘Met’, 3 = ‘Exceeded’, 4 = ‘I had no expectations’."
CoreData,parts,exExpct9,"Numerical encoding of the participant’s response to the prompt: ‘Given your expectations prior to the Challenge, how did we do?: An effective collaboration, compared to my normal methods’. 1 = ‘Below’, 2 = ‘Met’, 3 = ‘Exceeded’, 4 = ‘I had no expectations’."
CoreData,parts,exExpct10,"Numerical encoding of the participant’s response to the prompt: ‘Given your expectations prior to the Challenge, how did we do?: What I learn from the challenge can be applied in my workplace’. 1 = ‘Below’, 2 = ‘Met’, 3 = ‘Exceeded’, 4 = ‘I had no expectations’."
CoreData,parts,tw1,"Numerical encoding of the participant’s response to the prompt: ‘Thinking about the teamwork aspect of the Challenge, do you agree or disagree with the following statements? - I enjoyed the team social experience’. 1 = ‘Disagree’, 2 = ‘Neutral’, 3 = ‘Agree’."
CoreData,parts,tw2,"Numerical encoding of the participant’s response to the prompt: ‘Thinking about the teamwork aspect of the Challenge, do you agree or disagree with the following statements? - I enjoyed the team collaboration experience’. 1 = ‘Disagree’, 2 = ‘Neutral’, 3 = ‘Agree’."
CoreData,parts,tw3,"Numerical encoding of the participant’s response to the prompt: ‘Thinking about the teamwork aspect of the Challenge, do you agree or disagree with the following statements? - I could positively contirbute to my team’. 1 = ‘Disagree’, 2 = ‘Neutral’, 3 = ‘Agree’."
CoreData,parts,tw4,"Numerical encoding of the participant’s response to the prompt: ‘Thinking about the teamwork aspect of the Challenge, do you agree or disagree with the following statements? - My efforts were recognised by other team members’. 1 = ‘Disagree’, 2 = ‘Neutral’, 3 = ‘Agree’."
CoreData,parts,tw5,"Numerical encoding of the participant’s response to the prompt: ‘Thinking about the teamwork aspect of the Challenge, do you agree or disagree with the following statements? - I found it easy to keep track of my team’s contrbutions’. 1 = ‘Disagree’, 2 = ‘Neutral’, 3 = ‘Agree’."
CoreData,parts,tw6,"Numerical encoding of the participant’s response to the prompt: ‘Thinking about the teamwork aspect of the Challenge, do you agree or disagree with the following statements? - I felt that some team members were too dominant’. 1 = ‘Disagree’, 2 = ‘Neutral’, 3 = ‘Agree’."
CoreData,parts,tw7,"Numerical encoding of the participant’s response to the prompt: ‘Thinking about the teamwork aspect of the Challenge, do you agree or disagree with the following statements? - I felt that I had to lead to get the job done’. 1 = ‘Disagree’, 2 = ‘Neutral’, 3 = ‘Agree’."
CoreData,parts,pf1,"Numerical encoding of the participant’s response to the prompt: ‘Do you think the Platform supported you in the following areas? - Developing a shared mission amongst team members’. 1 = ‘No’, 2 = ‘Yes’, 3 = ‘Not sure’."
CoreData,parts,pf2,"Numerical encoding of the participant’s response to the prompt: ‘Do you think the Platform supported you in the following areas? - Working towards a unified goal’. 1 = ‘No’, 2 = ‘Yes’, 3 = ‘Not sure’."
CoreData,parts,pf3,"Numerical encoding of the participant’s response to the prompt: ‘Do you think the Platform supported you in the following areas? - Managing contributions’. 1 = ‘No’, 2 = ‘Yes’, 3 = ‘Not sure’."
CoreData,parts,pf4,"Numerical encoding of the participant’s response to the prompt: ‘Do you think the Platform supported you in the following areas? - Keeping track of team decisions’. 1 = ‘No’, 2 = ‘Yes’, 3 = ‘Not sure’."
CoreData,parts,pf5,"Numerical encoding of the participant’s response to the prompt: ‘Do you think the Platform supported you in the following areas? - Working in a flexible and agile way as analysis progressed’. 1 = ‘No’, 2 = ‘Yes’, 3 = ‘Not sure’."
CoreData,parts,pf6,"Numerical encoding of the participant’s response to the prompt: ‘Do you think the Platform supported you in the following areas? - Innovative problem solving’. 1 = ‘No’, 2 = ‘Yes’, 3 = ‘Not sure’."
CoreData,parts,pf7,"Numerical encoding of the participant’s response to the prompt: ‘Do you think the Platform supported you in the following areas? - Enabling an efficient workflow’. 1 = ‘No’, 2 = ‘Yes’, 3 = ‘Not sure’."
CoreData,parts,pf8,"Numerical encoding of the participant’s response to the prompt: ‘Do you think the Platform supported you in the following areas? - Meeting deadlines’. 1 = ‘No’, 2 = ‘Yes’, 3 = ‘Not sure’."
CoreData,parts,pf9,"Numerical encoding of the participant’s response to the prompt: ‘Do you think the Platform supported you in the following areas? - Clear communication amongst team members’. 1 = ‘No’, 2 = ‘Yes’, 3 = ‘Not sure’."
CoreData,parts,pf10,"Numerical encoding of the participant’s response to the prompt: ‘Do you think the Platform supported you in the following areas? - Ability to move easily between engaging with others, or disengaging for independent work’. 1 = ‘No’, 2 = ‘Yes’, 3 = ‘Not sure’."
CoreData,parts,pf11,"Numerical encoding of the participant’s response to the prompt: ‘Do you think the Platform supported you in the following areas? - Information sharing amongst team members’. 1 = ‘No’, 2 = ‘Yes’, 3 = ‘Not sure’."
CoreData,parts,pf12,"Numerical encoding of the participant’s response to the prompt: ‘Do you think the Platform supported you in the following areas? - Worked together positively’. 1 = ‘No’, 2 = ‘Yes’, 3 = ‘Not sure’."
CoreData,parts,pf13,"Numerical encoding of the participant’s response to the prompt: ‘Do you think the Platform supported you in the following areas? - Making decisions’. 1 = ‘No’, 2 = ‘Yes’, 3 = ‘Not sure’."
CoreData,parts,pf14,"Numerical encoding of the participant’s response to the prompt: ‘Do you think the Platform supported you in the following areas? - Production of useful output’. 1 = ‘No’, 2 = ‘Yes’, 3 = ‘Not sure’."
CoreData,parts,pfComments,Response to the prompt: ‘Any additional comments about how the Platform affected teamwork and collaboration?’
CoreData,parts,fb1,"Numerical encoding of the participant’s response to the prompt: ‘Thinking about the feedback you received on your team’s submitted reports, do you agree or disagree with the following statements - The feedback accurately reflected the quality of our reports’. 1 = ‘Disagree’, 2 = ‘Neutral’, 3 = ‘Agree’."
CoreData,parts,fb2,"Numerical encoding of the participant’s response to the prompt: ‘Thinking about the feedback you received on your team’s submitted reports, do you agree or disagree with the following statements - The feedback helped me understand the strengths and weaknesses of our reports’. 1 = ‘Disagree’, 2 = ‘Neutral’, 3 = ‘Agree’."
CoreData,parts,fb3,"Numerical encoding of the participant’s response to the prompt: ‘Thinking about the feedback you received on your team’s submitted reports, do you agree or disagree with the following statements - The feedback helped me build expertise in analytic reasoning’. 1 = ‘Disagree’, 2 = ‘Neutral’, 3 = ‘Agree’."
CoreData,parts,fb4,"Numerical encoding of the participant’s response to the prompt: ‘Thinking about the feedback you received on your team’s submitted reports, do you agree or disagree with the following statements - My team used the feedback to improve their submitted reports’. 1 = ‘Disagree’, 2 = ‘Neutral’, 3 = ‘Agree’."
CoreData,parts,exCap1,"Numerical encoding of the participant’s response to the prompt: ‘After participating in the Challenge, do you think your capability has improved in the following areas? - Analytic report writing’. 1 = ‘No’, 2 = ‘Somewhat’, 3 = ‘Significantly’."
CoreData,parts,exCap2,"Numerical encoding of the participant’s response to the prompt: ‘After participating in the Challenge, do you think your capability has improved in the following areas? - Using structured analytic techniques’. 1 = ‘No’, 2 = ‘Somewhat’, 3 = ‘Significantly’."
CoreData,parts,exCap3,"Numerical encoding of the participant’s response to the prompt: ‘After participating in the Challenge, do you think your capability has improved in the following areas? - Using OSINT tools and resources’. 1 = ‘No’, 2 = ‘Somewhat’, 3 = ‘Significantly’."
CoreData,parts,exCap4,"Numerical encoding of the participant’s response to the prompt: ‘After participating in the Challenge, do you think your capability has improved in the following areas? - Applying strategic thinking frameworks’. 1 = ‘No’, 2 = ‘Somewhat’, 3 = ‘Significantly’."
CoreData,parts,exCap5,"Numerical encoding of the participant’s response to the prompt: ‘After participating in the Challenge, do you think your capability has improved in the following areas? - Identifying and analysing assumptions’. 1 = ‘No’, 2 = ‘Somewhat’, 3 = ‘Significantly’."
CoreData,parts,exCap6,"Numerical encoding of the participant’s response to the prompt: ‘After participating in the Challenge, do you think your capability has improved in the following areas? - Evaluating quality of analytic reasoning’. 1 = ‘No’, 2 = ‘Somewhat’, 3 = ‘Significantly’."
CoreData,parts,exCap7,"Numerical encoding of the participant’s response to the prompt: ‘After participating in the Challenge, do you think your capability has improved in the following areas? - Using decision making frameworks’. 1 = ‘No’, 2 = ‘Somewhat’, 3 = ‘Significantly’."
CoreData,parts,mostValuable,Response to the prompt: ‘What was the one most valuable thing you learned in the HC2020?’
CoreData,parts,cha1,"Numerical encoding of the participant’s response to the prompt: ‘If you consider participating in an exercise like the HC2020 as analytical skills training, how does it compare with more typical training methods? - A Challenge exercise is more effective’. 1 = ‘Disagree’, 2 = ‘Neutral’, 3 = ‘Agree’."
CoreData,parts,cha2,"Numerical encoding of the participant’s response to the prompt: ‘If you consider participating in an exercise like the HC2020 as analytical skills training, how does it compare with more typical training methods? - A Challenge exercise is more engaging’. 1 = ‘Disagree’, 2 = ‘Neutral’, 3 = ‘Agree’."
CoreData,parts,cha3,"Numerical encoding of the participant’s response to the prompt: ‘If you consider participating in an exercise like the HC2020 as analytical skills training, how does it compare with more typical training methods? - A Challenge exercise works better for some people, but not as well for others’. 1 = ‘Disagree’, 2 = ‘Neutral’, 3 = ‘Agree’."
CoreData,parts,career1,"Numerical encoding of the participant’s response to the prompt: ‘How has participating in the Challenge changed your interest in an intelligence analysis career? My interest has:’. 1 = ‘Not changed’, 2 = ‘Increased’"
CoreData,parts,ca1,"Numerical encoding of the participant’s response to the prompt: ‘Thinking about Contending Analyses, do you agree or disagree with the following statements? - I understood what Contending Analyses is’. 1 = ‘No’, 2 = ‘Yes’, 3 = ‘Not sure’"
CoreData,parts,ca2,"Numerical encoding of the participant’s response to the prompt: ‘Thinking about Contending Analyses, do you agree or disagree with the following statements? - My team used Contending Analyses’. 1 = ‘No’, 2 = ‘Yes’, 3 = ‘Not sure’"
CoreData,parts,ca3,"Numerical encoding of the participant’s response to the prompt: ‘Thinking about Contending Analyses, do you agree or disagree with the following statements? - Using Contending Analyses helped improve the quality of reasoning in reports’. 1 = ‘No’, 2 = ‘Yes’, 3 = ‘Not sure’"
CoreData,parts,ca4,"Numerical encoding of the participant’s response to the prompt: ‘Thinking about Contending Analyses, do you agree or disagree with the following statements? - I intend to apply Contending Analyses in my work’. 1 = ‘No’, 2 = ‘Yes’, 3 = ‘Not sure’"
CoreData,parts,swarm1,"Numerical encoding of the participant’s response to the prompt: ‘Thinking about the Platform, do you agree or disagree with the following statements? - Working on the Platform produced better reasoned reports than my normal methods’. 1 = ‘Strongly disagree’, 2 = ‘Disagree’, 3 = ‘Neutral’, 4 = ‘Agree’, 5 = ‘Strongly agree’"
CoreData,parts,swarm2,"Numerical encoding of the participant’s response to the prompt: ‘Thinking about the Platform, do you agree or disagree with the following statements? - My team’s reports were better than I could have produced on my own’. 1 = ‘Strongly disagree’, 2 = ‘Disagree’, 3 = ‘Neutral’, 4 = ‘Agree’, 5 = ‘Strongly agree’"
CoreData,parts,swarm3,"Numerical encoding of the participant’s response to the prompt: ‘Thinking about the Platform, do you agree or disagree with the following statements? - Using a Platform like this would improve intelligence analysis in my organisation’. 1 = ‘Strongly disagree’, 2 = ‘Disagree’, 3 = ‘Neutral’, 4 = ‘Agree’, 5 = ‘Strongly agree’"
CoreData,parts,swarm4,"Numerical encoding of the participant’s response to the prompt: ‘Thinking about the Platform, do you agree or disagree with the following statements? - If my organisation introduced a Platform like this, I would want to use it’. 1 = ‘Strongly disagree’, 2 = ‘Disagree’, 3 = ‘Neutral’, 4 = ‘Agree’, 5 = ‘Strongly agree’"
CoreData,parts,lk1,"Numerical encoding of the participant’s response to the prompt: ‘Thinking about the Lens Kit, do you agree or disagree with the following statements? - It was easy to find the relevant tools’. 1 = ‘Disagree’, 2 = ‘Neutral’, 3 = ‘Agree’"
CoreData,parts,lk2,"Numerical encoding of the participant’s response to the prompt: ‘Thinking about the Lens Kit, do you agree or disagree with the following statements? - The tools were well explained’. 1 = ‘Disagree’, 2 = ‘Neutral’, 3 = ‘Agree’"
CoreData,parts,lk3,"Numerical encoding of the participant’s response to the prompt: ‘Thinking about the Lens Kit, do you agree or disagree with the following statements? - Overall, the Lens Kit was very helpful’. 1 = ‘Disagree’, 2 = ‘Neutral’, 3 = ‘Agree’"
CoreData,parts,lk4,"Numerical encoding of the participant’s response to the prompt: ‘Thinking about the Lens Kit, do you agree or disagree with the following statements? - I preferred the tools already known to me’. 1 = ‘Disagree’, 2 = ‘Neutral’, 3 = ‘Agree’"
CoreData,parts,lk5,"Numerical encoding of the participant’s response to the prompt: ‘Thinking about the Lens Kit, do you agree or disagree with the following statements? - The Lens Kit was difficult to navigate’. 1 = ‘Disagree’, 2 = ‘Neutral’, 3 = ‘Agree’"
CoreData,parts,lk6,"Numerical encoding of the participant’s response to the prompt: ‘Thinking about the Lens Kit, do you agree or disagree with the following statements? - I personally used it often’. 1 = ‘Disagree’, 2 = ‘Neutral’, 3 = ‘Agree’"
CoreData,parts,lkSuggestions,Response to the prompt: ‘Do you have any suggestions to improve the Lens Kit?’
CoreData,parts,res1,"Logical. Indicates whether the participant selected ‘The resources were an important contribution to problem solving’ among their responses to the prompt: ‘Thinking about creating responses (both Resources and Reports) on the platform, Please select all that apply:’."
CoreData,parts,res2,"Logical. Indicates whether the participant selected ‘It was easy to keep track of all the resources posted on the Platform’ among their responses to the prompt: ‘Thinking about creating responses (both Resources and Reports) on the platform, Please select all that apply:’."
CoreData,parts,res3,"Logical. Indicates whether the participant selected ‘My team created a lot of resources’ among their responses to the prompt: ‘Thinking about creating responses (both Resources and Reports) on the platform, Please select all that apply:’."
CoreData,parts,res4,"Logical. Indicates whether the participant selected ‘It was too time consuming to read through everyone's resources’ among their responses to the prompt: ‘Thinking about creating responses (both Resources and Reports) on the platform, Please select all that apply:’."
CoreData,parts,whyRate1,"Logical. Indicates whether the participant selected ‘I used rating to fairly indicate the readiness or quality of a report’ among their responses to the prompt: ‘When you used the Report rating tool, which of the following was your primary purpose?  You can select more than one.’."
CoreData,parts,whyRate2,"Logical. Indicates whether the participant selected ‘I used rating to give guidance to the author’ among their responses to the prompt: ‘When you used the Report rating tool, which of the following was your primary purpose?  You can select more than one.’."
CoreData,parts,whyRate3,"Logical. Indicates whether the participant selected ‘I used rating to push my prefered report to the top’ among their responses to the prompt: ‘When you used the Report rating tool, which of the following was your primary purpose?  You can select more than one.’."
CoreData,parts,ratingTool,"Numerical encoding of the participant’s response to the prompt: ‘Did you use the Report rating tool to rate the Reports your team created?’. 1 = ‘No’, 2 = ‘Yes’"
CoreData,parts,ratingToolWhyNot,"Response to the prompt: ‘If you tended not to rate Reports, can you say why?’"
CoreData,parts,featureRequests,Response to the prompt: ‘What additional features or tools would you like to see implemented on the Platform?’
CoreData,parts,externalTools,"Numerical encoding of the participant’s response to the prompt: ‘Did you use any tools to support your work on the Challenge problems that were not included on the Platform?  (eg other software such as Excel, Google Docs, Mapping tools, Chat, Conferencing, etc…)’. 1 = ‘No’, 2 = ‘Yes’"
CoreData,parts,externalToolsComments,Response to the prompt: ‘Please briefly describe these tools and your main reason for using them.’
CoreData,parts,bestQuestionNotAsked,Response to the prompt: ‘What's the best question that wasn't asked on this survey?’
CoreData,parts,testimonial,Response to the prompt: ‘Do you have a testimonial about your experience in the HC2020 that you would be happy for us to share publicly? We’ll maintain your anonymity by using your username.’
CoreData,parts,otherComments,Response to the prompt: ‘Anything else that you would like to say?’
CoreData,parts,aomt,Actively Open-Minded Thinking score. Formula: aomt1 + aomt2 + aomt3 + (8 - aomt4) + (8 - aomt5) + (8 - aomt6) + (8 - aomt7) + aomt8 + (8 - aomt9) + aomt10 + aomt11
